{
  "mine": {
    "trusted": 111.160385,
    "untrusted_pending": 0.000000,
    "immature": 0.000000
  }
}
