{
  "mine": {
    "trusted": 45439.949150,
    "untrusted_pending": 0.000000,
    "immature": 0.000000
  }
}
