{
  "mine": {
    "trusted": 45329.949150,
    "untrusted_pending": 0.000000,
    "immature": 0.000000
  }
}
